Prob_Acquisition,0.05,0.1,0.2,0.3,0.4,0.5
0.05,0.05263484033391382,0.08417526382079173,0.11330564165048834,0.10434222287861304,0.09365497921703163,0.11553179374194016
0.1,0.05356528826685246,0.08171936873441112,0.11100566418318412,0.11802803398724845,0.1034203102854873,0.10906779931259332
0.2,0.10657572901684652,0.08463169889627156,0.11049774005408736,0.12069837327904091,0.11566355711660344,0.1119731052554736
0.3,0.15078711213691898,0.14385373778954952,0.1114269231074925,0.12184561319508044,0.12567576706167005,0.12097053824474349
0.4,0.18604340350447587,0.15999234229466505,0.15800604469858495,0.12233478866426772,0.1266652595897086,0.12826435571781955
0.5,0.210279754463049,0.209463195639584,0.1879765536471273,0.16480046591622238,0.12782824703712486,0.1289633957118701
